slag,flyash,superplasticizer,age,csMPa,cement_water_ratio,average_agg
42.1,163.8,5.7,3.0,7.75,0.9252768371188728,919.4000000000001
42.1,163.8,5.7,14.0,17.82,0.9252768371188728,919.4000000000001
42.1,163.8,5.7,28.0,24.24,0.9252768371188728,919.4000000000001
42.1,163.8,5.7,56.0,32.85,0.9252768371188728,919.4000000000001
42.1,163.8,5.7,100.0,39.23,0.9252768371188728,919.4000000000001
98.1,24.5,6.9,3.0,18.0,1.1761144744083654,925.5999999999999
98.1,24.5,6.9,14.0,30.39,1.1761144744083654,925.5999999999999
98.1,24.5,6.9,28.0,45.71,1.1761144744083654,925.5999999999999
98.1,24.5,6.9,56.0,50.77,1.1761144744083654,925.5999999999999
98.1,24.5,6.9,100.0,53.9,1.1761144744083654,925.5999999999999
98.1,24.5,6.7,3.0,13.18,1.1766648321408917,925.75
98.1,24.5,6.7,14.0,17.84,1.1766648321408917,925.75
98.1,24.5,6.7,28.0,40.23,1.1766648321408917,925.75
98.1,24.5,6.7,56.0,47.13,1.1766648321408917,925.75
98.1,24.5,6.7,100.0,49.97,1.1766648321408917,925.75
45.2,122.0,8.2,3.0,7.32,1.0693301997649824,920.0500000000001
45.2,122.0,8.2,14.0,21.5,1.0693301997649824,920.0500000000001
45.2,122.0,8.2,28.0,31.27,1.0693301997649824,920.0500000000001
45.2,122.0,8.2,56.0,43.5,1.0693301997649824,920.0500000000001
45.2,122.0,8.2,100.0,48.67,1.0693301997649824,920.0500000000001
42.2,124.3,10.8,3.0,7.4,1.0669614655716992,938.5
42.2,124.3,10.8,14.0,23.51,1.0669614655716992,938.5
42.2,124.3,10.8,28.0,31.12,1.0669614655716992,938.5
42.2,124.3,10.8,56.0,39.15,1.0669614655716992,938.5
42.2,124.3,10.8,100.0,48.15,1.0669614655716992,938.5
97.8,24.5,11.2,3.0,30.45,1.7249533291848165,922.1
97.8,24.5,11.2,14.0,47.71,1.7249533291848165,922.1
97.8,24.5,11.2,28.0,63.14,1.7249533291848165,922.1
97.8,24.5,11.2,56.0,66.82,1.7249533291848165,922.1
97.8,24.5,11.2,100.0,66.95,1.7249533291848165,922.1
54.6,123.8,11.9,3.0,27.42,1.549715909090909,934.2
54.6,123.8,11.9,14.0,35.96,1.549715909090909,934.2
54.6,123.8,11.9,28.0,55.51,1.549715909090909,934.2
54.6,123.8,11.9,56.0,61.99,1.549715909090909,934.2
54.6,123.8,11.9,100.0,63.53,1.549715909090909,934.2
53.8,121.9,9.6,3.0,18.02,1.3811053984575836,897.45
53.8,121.9,9.6,14.0,38.6,1.3811053984575836,897.45
53.8,121.9,9.6,28.0,52.2,1.3811053984575836,897.45
53.8,121.9,9.6,56.0,53.96,1.3811053984575836,897.45
53.8,121.9,9.6,100.0,56.63,1.3811053984575836,897.45
17.2,158.0,20.8,28.0,55.65,2.377245508982036,800.0
17.5,163.0,17.9,28.0,47.28,1.9940119760479043,824.0
17.6,158.0,15.3,28.0,44.33,1.7671957671957672,800.0
116.0,119.0,5.7,28.0,29.16,0.7880434782608695,856.5
128.0,122.0,6.4,28.0,39.4,0.8791208791208791,851.5
180.0,95.0,9.5,28.0,67.87,1.5723270440251573,830.0
180.0,120.0,10.4,28.0,76.24,1.6975308641975309,797.5
128.5,132.1,8.1,3.0,19.42,0.9423186750428327,876.2
129.8,118.6,3.6,3.0,20.73,0.989438576987215,877.05
129.9,128.6,7.8,3.0,14.94,0.9538461538461539,876.45
13.6,172.4,4.1,3.0,21.29,1.0994897959183674,931.3499999999999
50.1,173.5,6.5,3.0,23.08,1.0527912621359223,899.85
75.4,167.0,7.9,3.0,15.52,1.0182926829268293,888.7
93.4,159.9,9.7,3.0,15.82,1.0087057457922228,876.9000000000001
128.5,132.1,8.1,14.0,33.09,0.9423186750428327,876.2
129.8,118.6,3.6,14.0,34.24,0.989438576987215,877.05
129.9,128.6,7.8,14.0,31.81,0.9538461538461539,876.45
13.6,172.4,4.1,14.0,29.75,1.0994897959183674,931.3499999999999
50.1,173.5,6.5,14.0,33.01,1.0527912621359223,899.85
75.4,167.0,7.9,14.0,32.9,1.0182926829268293,888.7
93.4,159.9,9.7,14.0,29.55,1.0087057457922228,876.9000000000001
128.5,132.1,8.1,28.0,46.39,0.9423186750428327,876.2
129.8,118.6,3.6,28.0,39.16,0.989438576987215,877.05
129.9,128.6,7.8,28.0,41.2,0.9538461538461539,876.45
13.6,172.4,4.1,28.0,33.69,1.0994897959183674,931.3499999999999
50.1,173.5,6.5,28.0,38.2,1.0527912621359223,899.85
75.4,167.0,7.9,28.0,41.41,1.0182926829268293,888.7
93.4,159.9,9.7,28.0,37.81,1.0087057457922228,876.9000000000001
128.5,132.1,8.1,56.0,53.72,0.9423186750428327,876.2
129.8,118.6,3.6,56.0,48.59,0.989438576987215,877.05
129.9,128.6,7.8,56.0,51.72,0.9538461538461539,876.45
13.6,172.4,4.1,56.0,35.85,1.0994897959183674,931.3499999999999
50.1,173.5,6.5,56.0,53.77,1.0527912621359223,899.85
75.4,167.0,7.9,56.0,53.46,1.0182926829268293,888.7
93.4,159.9,9.7,56.0,48.99,1.0087057457922228,876.9000000000001
128.5,132.1,8.1,100.0,55.02,0.9423186750428327,876.2
129.8,118.6,3.6,100.0,49.99,0.989438576987215,877.05
129.9,128.6,7.8,100.0,53.66,0.9538461538461539,876.45
13.6,172.4,4.1,100.0,37.68,1.0994897959183674,931.3499999999999
50.1,173.5,6.5,100.0,56.06,1.0527912621359223,899.85
75.4,167.0,7.9,100.0,56.81,1.0182926829268293,888.7
93.4,159.9,9.7,100.0,50.94,1.0087057457922228,876.9000000000001
24.0,79.0,11.6,28.0,57.03,2.753086419753086,839.5
24.0,79.0,11.6,28.0,44.42,2.753086419753086,839.5
24.0,79.0,11.6,28.0,51.02,2.753086419753086,839.5
24.0,79.0,10.3,28.0,53.39,2.753086419753086,839.5
24.0,79.0,11.6,3.0,35.36,2.753086419753086,839.5
24.0,79.0,11.6,3.0,25.02,2.753086419753086,839.5
24.0,79.0,11.6,3.0,23.35,2.753086419753086,839.5
24.0,79.0,11.6,7.0,52.01,2.753086419753086,839.5
24.0,79.0,11.6,7.0,38.02,2.753086419753086,839.5
24.0,79.0,11.6,7.0,39.3,2.753086419753086,839.5
24.0,79.0,11.6,56.0,61.07,2.753086419753086,839.5
24.0,79.0,11.6,56.0,56.14,2.753086419753086,839.5
24.0,79.0,11.6,56.0,55.25,2.753086419753086,839.5
24.0,79.0,10.3,56.0,54.77,2.753086419753086,839.5
20.0,94.0,14.3,28.0,50.24,2.464968152866242,891.5
20.0,94.0,13.9,28.0,46.68,2.464968152866242,891.5
20.0,94.0,11.6,28.0,46.68,2.464968152866242,891.5
20.0,94.0,14.3,3.0,22.75,2.464968152866242,891.5
20.0,94.0,13.9,3.0,25.51,2.464968152866242,891.5
20.0,94.0,11.6,3.0,34.77,2.464968152866242,891.5
20.0,94.0,14.3,7.0,36.84,2.464968152866242,891.5
20.0,94.0,13.9,7.0,45.9,2.464968152866242,891.5
20.0,94.0,11.6,7.0,41.67,2.464968152866242,891.5
20.0,94.0,14.3,56.0,56.34,2.464968152866242,891.5
20.0,94.0,13.9,56.0,47.97,2.464968152866242,891.5
20.0,94.0,11.6,56.0,61.46,2.464968152866242,891.5
19.0,97.0,13.1,28.0,44.03,2.4482758620689653,919.0
19.0,97.0,12.3,28.0,55.45,2.4482758620689653,919.0
26.0,123.0,3.9,28.0,55.55,2.3380952380952382,790.5
26.0,123.0,3.9,28.0,57.92,2.442786069651741,760.5
26.0,123.0,3.9,3.0,25.61,2.3380952380952382,790.5
26.0,123.0,3.9,7.0,33.49,2.3380952380952382,790.5
26.0,123.0,3.9,56.0,59.59,2.3380952380952382,790.5
26.0,123.0,3.9,3.0,29.55,2.442786069651741,760.5
26.0,123.0,3.9,7.0,37.92,2.442786069651741,760.5
26.0,123.0,3.9,56.0,61.86,2.442786069651741,760.5
22.0,132.0,8.5,28.0,62.05,2.3820224719101124,786.0
22.0,132.0,8.5,3.0,32.01,2.3820224719101124,816.0
22.0,132.0,8.9,28.0,72.1,2.5238095238095237,786.0
22.0,132.0,8.5,7.0,39.0,2.3820224719101124,786.0
22.0,132.0,8.5,56.0,65.7,2.3820224719101124,786.0
22.0,132.0,8.9,3.0,32.11,2.5238095238095237,786.0
22.0,132.0,8.9,7.0,40.29,2.5238095238095237,786.0
22.0,132.0,8.9,56.0,74.36,2.5238095238095237,786.0
11.0,141.0,1.7,28.0,21.97,0.9805825242718447,871.5
11.0,141.0,1.7,3.0,9.85,0.9805825242718447,871.5
11.0,141.0,1.7,7.0,15.07,0.9805825242718447,871.5
11.0,141.0,1.7,56.0,23.25,0.9805825242718447,871.5
15.0,141.0,5.5,28.0,43.73,1.5865921787709498,821.5
15.0,141.0,5.5,3.0,13.4,1.5865921787709498,821.5
15.0,141.0,5.5,7.0,24.13,1.5865921787709498,821.5
15.0,141.0,5.5,56.0,44.52,1.5865921787709498,821.5
19.0,141.0,10.9,28.0,62.94,2.331168831168831,871.5
19.0,141.0,10.9,28.0,59.49,2.331168831168831,871.5
19.0,141.0,10.9,3.0,25.12,2.331168831168831,871.5
19.0,141.0,10.9,3.0,23.64,2.331168831168831,871.5
19.0,141.0,10.9,7.0,35.75,2.331168831168831,871.5
19.0,141.0,10.9,7.0,38.61,2.331168831168831,871.5
19.0,141.0,10.9,56.0,68.75,2.331168831168831,871.5
19.0,141.0,10.9,56.0,66.78,2.331168831168831,871.5
105.0,82.0,9.0,28.0,37.17,1.3,792.0
190.0,148.0,19.0,28.0,33.76,0.9050279329608939,789.5
144.0,112.0,10.0,28.0,16.5,0.7,790.5
115.0,89.0,9.0,28.0,19.99,0.7277227722772277,844.5
178.0,139.0,18.0,28.0,36.35,0.9047619047619048,819.5
143.0,111.0,22.0,28.0,33.69,1.8452380952380953,782.5
149.0,116.0,15.0,28.0,27.68,0.9085714285714286,836.5
167.0,130.0,11.0,28.0,44.61,0.8160919540229885,834.0
137.0,107.0,6.0,28.0,53.52,1.4825870646766168,766.5
129.0,100.0,9.0,28.0,52.82,1.627906976744186,815.0
97.0,76.0,8.0,28.0,33.4,1.2989690721649485,828.0
188.0,146.0,11.0,28.0,32.84,0.7881773399014779,769.5
121.0,94.0,9.0,28.0,41.94,1.5265957446808511,800.0
207.0,161.0,5.0,28.0,33.3,0.7374301675977654,801.5
164.0,128.0,6.0,28.0,35.23,0.771064030932394,762.5
111.0,86.0,6.0,28.0,41.54,1.358974358974359,811.5
116.0,90.0,9.0,28.0,44.28,1.5333333333333334,819.0
139.0,109.0,6.0,28.0,23.69,0.772020725388601,836.0
100.0,78.0,9.0,28.0,32.4,1.2985074626865671,812.5
92.0,71.0,6.0,28.0,28.63,1.305301252364124,774.0
145.0,113.0,8.0,28.0,25.56,0.8595505617977528,845.5
133.0,103.0,7.0,28.0,36.44,0.7,834.5
145.0,113.0,8.0,28.0,26.23,0.8595505617977528,845.5
111.0,86.0,5.0,28.0,33.72,1.3435897435897435,814.0
118.0,92.0,7.0,28.0,23.52,0.8142076502732241,866.5
169.0,143.0,8.0,28.0,29.72,0.7486910994764397,805.0
101.0,78.0,10.0,28.0,49.77,1.5204678362573099,849.5
170.0,133.0,8.0,28.0,29.87,0.75,809.5
112.0,87.0,10.0,28.0,39.42,1.4943820224719102,827.5
145.0,113.0,8.0,28.0,46.23,1.7541899441340782,779.5
136.0,106.0,7.0,28.0,26.14,0.8089887640449438,857.5
117.0,91.0,7.0,28.0,43.57,1.450261780104712,806.0
184.0,143.0,9.0,28.0,28.99,0.7989690721649485,789.5
162.0,126.0,10.0,28.0,29.07,0.7906976744186046,843.5
99.0,77.0,6.0,28.0,33.8,1.3492063492063493,834.0
207.0,172.0,10.0,28.0,39.84,0.75,730.0
196.0,98.0,6.0,28.0,26.97,0.6834170854271356,815.0
163.0,128.0,8.0,28.0,27.23,0.8324873096446701,801.0
214.0,164.0,10.0,28.0,30.65,0.801980198019802,750.0
214.0,152.0,9.0,28.0,33.05,0.785,761.5
153.0,194.0,8.0,28.0,24.58,0.7760416666666666,779.0
105.0,193.0,6.0,28.0,21.91,0.6887755102040817,804.0
209.0,161.0,7.0,28.0,30.88,0.7910447761194029,758.5
15.0,195.0,6.0,28.0,15.34,0.8181818181818182,865.0
174.0,185.0,7.0,28.0,24.34,0.6754385964912281,728.5
187.0,195.0,7.0,28.0,23.89,0.9027027027027027,767.0
86.0,190.0,6.0,28.0,22.93,0.863849765258216,773.0
178.0,187.0,7.0,28.0,29.41,0.7058823529411765,734.0
91.7,71.5,6.0,28.0,28.63,1.3047504923420294,774.15
145.0,113.0,8.0,28.0,25.56,0.857703081232493,845.3
132.6,103.3,7.4,28.0,36.44,0.6984523215177234,834.7
145.0,113.0,8.0,28.0,26.23,0.857703081232493,845.6
110.5,86.1,5.0,28.0,33.72,1.340327533265097,813.9000000000001
117.6,91.7,7.1,28.0,23.52,0.8146528157463094,866.8499999999999
169.4,142.7,8.4,28.0,29.73,0.7498689040377556,805.45
100.6,78.4,10.4,28.0,49.77,1.5234466588511137,849.3
170.2,132.6,8.5,28.0,29.87,0.75,809.7
112.3,87.5,10.4,28.0,39.42,1.4963462619449128,827.1
145.3,113.2,8.0,28.0,46.23,1.7551704863051985,779.6500000000001
136.3,106.2,7.5,28.0,26.15,0.8074115665356543,857.9
116.8,91.0,7.0,28.0,43.58,1.453305351521511,806.05
183.9,143.2,9.2,28.0,28.99,0.8008255933952527,789.05
161.6,125.8,10.4,28.0,29.07,0.7948717948717949,843.5
98.8,77.0,6.5,28.0,33.8,1.353658536585366,834.15
105.1,81.8,9.0,28.0,37.17,1.3009060562708632,791.85
190.1,148.1,18.8,28.0,33.76,0.9060402684563758,789.75
144.2,112.3,10.1,28.0,16.5,0.6978646069968196,790.55
114.6,89.3,8.8,28.0,19.99,0.7256067360079247,844.75
178.1,138.7,18.3,28.0,36.35,0.906268656716418,819.3
142.8,111.2,22.1,28.0,38.22,1.8468414779499402,782.55
148.9,116.0,15.0,28.0,27.68,0.9057681324957167,836.5
166.6,129.7,10.9,28.0,44.61,0.8178674351585015,833.95
137.2,106.9,6.0,28.0,53.52,1.479384003974168,766.8499999999999
128.9,100.4,9.5,28.0,52.83,1.622969837587007,815.0
97.1,75.6,8.3,28.0,33.4,1.3008255933952528,828.45
188.0,146.4,11.3,28.0,35.31,0.7883858267716536,769.2
120.5,93.9,9.2,28.0,43.8,1.531449893390192,800.15
206.5,160.9,5.5,28.0,33.31,0.737842370039128,801.25
163.9,127.7,5.8,28.0,35.23,0.7694117508661101,762.1
111.0,86.5,5.9,28.0,41.54,1.3529411764705883,811.5
116.0,90.3,8.9,28.0,44.28,1.5389755011135857,819.2
139.4,108.6,6.1,28.0,23.7,0.7706279190451479,836.2
100.5,78.3,8.6,28.0,32.4,1.3005982053838483,813.0
189.2,103.21454354294022,10.1,3.0,34.4,2.1987066431510875,841.4000000000001
262.2,133.5720695132767,8.6,3.0,28.8,1.7851851851851852,829.35
106.3,79.69009080325378,16.5,3.0,33.4,2.768729641693811,869.6
106.3,92.62589424528983,18.6,3.0,36.3,2.807133421400264,869.85
93.8,112.3163367046183,23.4,3.0,29.0,2.962085308056872,812.8402427184467
118.8,79.3674841729711,8.9,3.0,37.8,2.622860298177802,816.8
117.2,83.36076999023928,6.204660194174758,3.0,40.2,3.4034833091436862,846.3
106.3,79.69009080325378,16.5,3.0,33.4,2.768729641693811,869.6
97.1,78.97093145684428,12.1,3.0,28.1,2.461051298290057,888.9000000000001
106.3,79.69009080325378,16.5,3.0,33.4,2.768729641693811,869.6
212.5,98.16506785534449,14.3,3.0,25.2,2.0475272960822095,866.25
94.7,90.48047661255677,11.4,3.0,41.1,2.7259158751696067,899.45
189.0,106.6960803922833,11.6,3.0,35.3,2.198908429351122,850.25
282.8,122.42233127329968,10.3,3.0,28.3,1.7611534276387375,801.3
151.2,129.1591228165803,15.9,3.0,28.6,2.46588693957115,869.65
189.0,106.6960803922833,11.6,3.0,35.3,2.198908429351122,850.25
200.9,118.04854006442713,11.2,3.0,24.4,1.978576364892882,904.1500000000001
189.0,106.6960803922833,11.6,3.0,35.3,2.198908429351122,850.25
177.0,95.08297409612294,11.1,3.0,39.3,2.360215053763441,796.4
189.0,107.19237136713042,22.0,3.0,40.6,2.6723783413296776,850.25
189.0,106.6960803922833,11.6,3.0,35.3,2.198908429351122,850.25
189.0,108.1934771791644,9.5,3.0,24.1,1.9319611206403657,850.25
189.2,103.21454354294022,10.1,7.0,46.2,2.1987066431510875,841.4000000000001
262.2,133.5720695132767,8.6,7.0,42.8,1.7851851851851852,829.35
106.3,79.69009080325378,16.5,7.0,49.2,2.768729641693811,869.6
106.3,92.62589424528983,18.6,7.0,46.8,2.807133421400264,869.85
93.8,112.3163367046183,23.4,7.0,45.7,2.962085308056872,812.8402427184467
118.8,79.3674841729711,8.9,7.0,55.6,2.622860298177802,816.8
117.2,83.36076999023928,6.204660194174758,7.0,54.9,3.4034833091436862,846.3
106.3,79.69009080325378,16.5,7.0,49.2,2.768729641693811,869.6
97.1,78.97093145684428,12.1,7.0,34.9,2.461051298290057,888.9000000000001
106.3,79.69009080325378,16.5,7.0,49.2,2.768729641693811,869.6
212.5,98.16506785534449,14.3,7.0,33.4,2.0475272960822095,866.25
94.7,90.48047661255677,11.4,7.0,54.1,2.7259158751696067,899.45
189.0,106.6960803922833,11.6,7.0,55.9,2.198908429351122,850.25
282.8,122.42233127329968,10.3,7.0,49.8,1.7611534276387375,801.3
151.2,129.1591228165803,15.9,7.0,47.1,2.46588693957115,869.65
189.0,106.6960803922833,11.6,7.0,55.9,2.198908429351122,850.25
200.9,118.04854006442713,11.2,7.0,38.0,1.978576364892882,904.1500000000001
189.0,106.6960803922833,11.6,7.0,55.9,2.198908429351122,850.25
177.0,95.08297409612294,11.1,7.0,56.1,2.360215053763441,796.4
189.0,107.19237136713042,22.0,7.0,59.09,2.6723783413296776,850.25
189.0,106.6960803922833,11.6,7.0,22.9,2.198908429351122,850.25
189.0,108.1934771791644,9.5,7.0,35.1,1.9319611206403657,850.25
189.2,103.21454354294022,10.1,28.0,61.09,2.1987066431510875,841.4000000000001
262.2,133.5720695132767,8.6,28.0,59.8,1.7851851851851852,829.35
106.3,79.69009080325378,16.5,28.0,60.29,2.768729641693811,869.6
106.3,92.62589424528983,18.6,28.0,61.8,2.807133421400264,869.85
93.8,112.3163367046183,23.4,28.0,56.7,2.962085308056872,812.8402427184467
118.8,79.3674841729711,8.9,28.0,68.3,2.622860298177802,816.8
117.2,83.36076999023928,6.204660194174758,28.0,66.9,3.4034833091436862,846.3
106.3,79.69009080325378,16.5,28.0,60.29,2.768729641693811,869.6
97.1,78.97093145684428,12.1,28.0,50.7,2.461051298290057,888.9000000000001
106.3,79.69009080325378,16.5,28.0,60.29,2.768729641693811,869.6
212.5,98.16506785534449,14.3,28.0,55.5,2.0475272960822095,866.25
94.7,90.48047661255677,11.4,28.0,68.5,2.7259158751696067,899.45
189.0,106.6960803922833,11.6,28.0,71.3,2.198908429351122,850.25
282.8,122.42233127329968,10.3,28.0,74.7,1.7611534276387375,801.3
151.2,129.1591228165803,15.9,28.0,52.2,2.46588693957115,869.65
189.0,106.6960803922833,11.6,28.0,71.3,2.198908429351122,850.25
200.9,118.04854006442713,11.2,28.0,67.7,1.978576364892882,904.1500000000001
189.0,106.6960803922833,11.6,28.0,71.3,2.198908429351122,850.25
177.0,95.08297409612294,11.1,28.0,66.0,2.360215053763441,796.4
189.0,107.19237136713042,22.0,28.0,74.5,2.6723783413296776,850.25
189.0,106.6960803922833,11.6,28.0,71.3,2.198908429351122,850.25
189.0,108.1934771791644,9.5,28.0,49.9,1.9319611206403657,850.25
189.2,103.21454354294022,10.1,56.0,63.4,2.1987066431510875,841.4000000000001
262.2,133.5720695132767,8.6,56.0,64.9,1.7851851851851852,829.35
106.3,79.69009080325378,16.5,56.0,64.3,2.768729641693811,869.6
106.3,92.62589424528983,18.6,56.0,64.9,2.807133421400264,869.85
93.8,112.3163367046183,23.4,56.0,60.2,2.962085308056872,812.8402427184467
118.8,79.3674841729711,8.9,56.0,72.3,2.622860298177802,816.8
117.2,83.36076999023928,6.204660194174758,56.0,69.3,3.4034833091436862,846.3
106.3,79.69009080325378,16.5,56.0,64.3,2.768729641693811,869.6
97.1,78.97093145684428,12.1,56.0,55.2,2.461051298290057,888.9000000000001
106.3,79.69009080325378,16.5,56.0,64.3,2.768729641693811,869.6
212.5,98.16506785534449,14.3,56.0,66.1,2.0475272960822095,866.25
94.7,90.48047661255677,11.4,56.0,73.7,2.7259158751696067,899.45
189.0,106.6960803922833,11.6,56.0,77.3,2.198908429351122,850.25
282.8,122.42233127329968,10.3,56.0,80.2,1.7611534276387375,801.3
151.2,129.1591228165803,15.9,56.0,54.9,2.46588693957115,869.65
189.0,106.6960803922833,11.6,56.0,77.3,2.198908429351122,850.25
200.9,118.04854006442713,11.2,56.0,72.99,1.978576364892882,904.1500000000001
189.0,106.6960803922833,11.6,56.0,77.3,2.198908429351122,850.25
177.0,95.08297409612294,11.1,56.0,71.7,2.360215053763441,796.4
189.0,107.19237136713042,22.0,56.0,79.4,2.6723783413296776,850.25
189.0,106.6960803922833,11.6,56.0,77.3,2.198908429351122,850.25
189.0,108.1934771791644,9.5,56.0,59.89,1.9319611206403657,850.25
189.2,103.21454354294022,10.1,91.0,64.9,2.1987066431510875,841.4000000000001
262.2,133.5720695132767,8.6,91.0,66.6,1.7851851851851852,829.35
106.3,79.69009080325378,16.5,91.0,65.2,2.768729641693811,869.6
106.3,92.62589424528983,18.6,91.0,66.7,2.807133421400264,869.85
93.8,112.3163367046183,23.4,91.0,62.5,2.962085308056872,812.8402427184467
118.8,79.3674841729711,8.9,91.0,74.19,2.622860298177802,816.8
117.2,83.36076999023928,6.204660194174758,91.0,70.7,3.4034833091436862,846.3
106.3,79.69009080325378,16.5,91.0,65.2,2.768729641693811,869.6
97.1,78.97093145684428,12.1,91.0,57.6,2.461051298290057,888.9000000000001
106.3,79.69009080325378,16.5,91.0,65.2,2.768729641693811,869.6
212.5,98.16506785534449,14.3,91.0,68.1,2.0475272960822095,866.25
94.7,90.48047661255677,11.4,91.0,75.5,2.7259158751696067,899.45
189.0,106.6960803922833,11.6,91.0,79.3,2.198908429351122,850.25
151.2,129.1591228165803,15.9,91.0,56.5,2.46588693957115,869.65
189.0,106.6960803922833,11.6,91.0,79.3,2.198908429351122,850.25
200.9,118.04854006442713,11.2,91.0,76.8,1.978576364892882,904.1500000000001
189.0,106.6960803922833,11.6,91.0,79.3,2.198908429351122,850.25
177.0,95.08297409612294,11.1,91.0,73.3,2.360215053763441,796.4
189.0,107.19237136713042,22.0,91.0,82.6,2.6723783413296776,850.25
189.0,106.6960803922833,11.6,91.0,79.3,2.198908429351122,850.25
189.0,108.1934771791644,9.5,91.0,67.8,1.9319611206403657,850.25
137.0,121.78671974795407,5.9,28.0,81.75,2.1724137931034484,937.5
50.0,103.4468681406621,3.0,28.0,39.38,2.2505,868.8000000000001
156.0,121.43933733041573,5.9,28.0,39.3,1.2380952380952381,870.5
190.0,130.91807765839786,7.6,28.0,53.58,1.7484662576687116,858.0
119.0,123.7969139375297,9.0,28.0,59.0,2.225,859.0
140.0,108.39184051815027,6.0,28.0,33.42,1.4205607476635513,808.5
239.0,143.51921694882174,6.0,28.0,26.86,0.765,843.0
143.0,107.66274768287093,10.0,28.0,45.3,1.8452380952380953,859.0
164.0,104.2837765216025,5.0,28.0,57.21,1.6894736842105262,822.0
187.0,98.87427276215033,7.0,28.0,65.91,1.9162303664921465,790.5
243.0,146.34640396123115,11.0,28.0,37.36,0.8666666666666667,860.0
166.0,105.39117425050767,9.0,28.0,61.23,1.8735632183908046,836.0
149.0,114.83515618464426,8.0,28.0,52.42,1.7311827956989247,830.0
121.0,105.26401731225573,7.0,28.0,42.13,1.6271186440677967,868.5
250.0,150.396767410471,12.0,28.0,39.45,0.9523809523809523,868.5
260.0,124.70281143681808,13.0,28.0,37.91,0.907103825136612,843.0
187.0,133.42418762189277,11.0,28.0,32.76,0.9034090909090909,889.5
183.0,143.14588194272508,9.0,28.0,18.28,0.8031088082901554,872.0
230.0,116.29091394386163,3.0,28.0,33.06,0.7227722772277227,849.5
210.0,131.54618402757055,3.0,28.0,31.03,0.6785714285714286,872.0
145.0,101.4793643165194,8.0,28.0,44.39,1.7584269662921348,845.5
236.0,119.70424105242228,13.0,28.0,32.96,0.8465909090909091,870.0
145.0,129.0105423775746,8.0,28.0,19.01,0.8595505617977528,911.0
161.0,111.11818244750253,10.0,28.0,52.44,1.7584269662921348,838.0
120.0,113.57126512421178,7.0,28.0,40.93,1.6904761904761905,882.0
237.0,152.4025268126669,12.0,28.0,37.43,0.8620689655172413,872.0
170.0,97.0760355896058,8.0,28.0,56.61,1.6974358974358974,806.5
183.0,117.788375782754,9.0,28.0,23.79,0.8031088082901554,872.5
145.0,115.58135998081201,8.0,28.0,44.52,2.4645669291338583,911.0
173.0,129.86072585811468,3.0,28.0,23.74,0.8021978021978022,901.5
145.0,121.49844812702287,8.0,28.0,41.05,1.7584269662921348,845.5
134.0,110.45327724574861,6.0,28.0,46.24,1.4820512820512821,842.0
175.0,130.8667476475017,2.0,28.0,26.92,0.8654970760233918,914.0
183.4,143.1432037112342,9.1,28.0,18.29,0.8008277289187791,872.0500000000001
230.5,116.20224624819554,3.4,28.0,32.72,0.7204938271604938,849.4
210.2,131.56588388346245,3.1,28.0,28.94,0.6801226366888095,872.3499999999999
145.0,101.2929522213077,8.0,28.0,40.93,1.7551820728291316,845.6
236.0,119.71775867213279,12.6,28.0,32.96,0.8503981797497155,869.75
144.7,129.00487990443446,8.0,28.0,19.01,0.8573834924199887,910.95
160.5,111.16933709465678,9.6,28.0,52.45,1.7618243243243243,838.05
119.7,113.46039888906515,7.2,28.0,40.93,1.6874628639334521,882.3
236.8,152.48632360341182,11.9,28.0,37.43,0.863060989643268,872.05
169.6,97.14372630310044,8.1,28.0,56.62,1.6957414058491533,806.65
183.4,117.78569755126307,9.1,28.0,23.79,0.8008277289187791,872.45
144.7,115.52155861886843,8.0,28.0,44.52,2.4564021995286724,910.95
172.6,129.96851807766097,3.4,28.0,23.74,0.8009895547003847,901.3
145.0,121.35652288472343,8.0,28.0,41.05,1.7551820728291316,845.3
133.7,110.46551773917957,5.5,28.0,46.25,1.482811698306824,842.1
175.1,130.77250725264662,2.2,28.0,26.92,0.8633177570093459,914.25
139.9,108.52112948290926,6.2,28.0,33.42,1.4220140515222484,809.0
238.7,143.6021323973966,6.3,28.0,26.86,0.763,842.8499999999999
142.8,107.68981712727265,10.0,28.0,45.3,1.8463371054198927,859.15
164.2,104.09736442639081,4.6,28.0,57.22,1.6866141732283466,822.0
187.0,98.8078933799159,6.6,28.0,65.91,1.913225300575013,790.5999999999999
243.5,146.3777689785423,10.7,28.0,37.36,0.8630061009428729,859.85
166.4,105.45926074811177,8.9,28.0,61.24,1.871264367816092,835.8
148.6,114.73004219658884,8.5,28.0,52.43,1.7357373519913886,830.25
121.0,105.01350828219103,7.0,28.0,42.14,1.625704622322435,868.7
250.0,150.29287497972467,12.2,28.0,39.46,0.9489311163895487,868.75
259.7,124.67833044995615,12.7,28.0,37.92,0.906113537117904,842.8
186.7,133.53027272606943,11.3,28.0,32.77,0.9060364464692483,889.25
114.77105697254791,96.7,4.5,3.0,11.58,1.1748547279450607,918.7
114.77105697254791,96.7,4.5,14.0,24.45,1.1748547279450607,918.7
114.77105697254791,96.7,4.5,28.0,24.89,1.1748547279450607,918.7
114.77105697254791,96.7,4.5,56.0,29.45,1.1748547279450607,918.7
114.77105697254791,96.7,4.5,100.0,40.71,1.1748547279450607,918.7
119.60451310054668,94.6,4.6,3.0,10.38,1.1814047498736735,899.6
119.60451310054668,94.6,4.6,14.0,22.14,1.1814047498736735,899.6
119.60451310054668,94.6,4.6,28.0,22.84,1.1814047498736735,899.6
119.60451310054668,94.6,4.6,56.0,27.66,1.1814047498736735,899.6
119.60451310054668,94.6,4.6,100.0,34.56,1.1814047498736735,899.6
106.8099385041537,100.5,7.5,3.0,12.45,1.1757246376811594,956.15
106.8099385041537,100.5,7.5,14.0,24.99,1.1757246376811594,956.15
106.8099385041537,100.5,7.5,28.0,25.72,1.1757246376811594,956.15
106.8099385041537,100.5,7.5,56.0,33.96,1.1757246376811594,956.15
106.8099385041537,100.5,7.5,100.0,37.34,1.1757246376811594,956.15
119.81739453812588,125.4,7.8,3.0,15.04,1.176434299814929,947.0
119.81739453812588,125.4,7.8,14.0,21.06,1.176434299814929,947.0
119.81739453812588,125.4,7.8,28.0,26.4,1.176434299814929,947.0
119.81739453812588,125.4,7.8,56.0,35.34,1.176434299814929,947.0
119.81739453812588,125.4,7.8,100.0,40.57,1.176434299814929,947.0
125.59668368360076,121.6,5.7,3.0,12.47,1.1763727121464225,918.4499999999999
125.59668368360076,121.6,5.7,14.0,20.92,1.1763727121464225,918.4499999999999
125.59668368360076,121.6,5.7,28.0,24.9,1.1763727121464225,918.4499999999999
125.59668368360076,121.6,5.7,56.0,34.2,1.1763727121464225,918.4499999999999
125.59668368360076,121.6,5.7,100.0,39.61,1.1763727121464225,918.4499999999999
130.62894329630478,118.3,4.6,3.0,10.03,1.1764705882352942,894.0
130.62894329630478,118.3,4.6,14.0,20.08,1.1764705882352942,894.0
130.62894329630478,118.3,4.6,28.0,24.48,1.1764705882352942,894.0
130.62894329630478,118.3,4.6,56.0,31.54,1.1764705882352942,894.0
130.62894329630478,118.3,4.6,100.0,35.34,1.1764705882352942,894.0
120.61595591480773,125.2,9.9,3.0,9.45,1.1754169240271772,945.3499999999999
120.61595591480773,125.2,9.9,14.0,22.72,1.1754169240271772,945.3499999999999
120.61595591480773,125.2,9.9,28.0,28.47,1.1754169240271772,945.3499999999999
120.61595591480773,125.2,9.9,56.0,38.56,1.1754169240271772,945.3499999999999
120.61595591480773,125.2,9.9,100.0,40.39,1.1754169240271772,945.3499999999999
138.3423858317766,163.3,4.5,3.0,10.76,0.9410764872521246,919.3499999999999
138.3423858317766,163.3,4.5,14.0,25.48,0.9410764872521246,919.3499999999999
138.3423858317766,163.3,4.5,28.0,21.54,0.9410764872521246,919.3499999999999
138.3423858317766,163.3,4.5,56.0,28.63,0.9410764872521246,919.3499999999999
138.3423858317766,163.3,4.5,100.0,33.54,0.9410764872521246,919.3499999999999
131.1936458628087,118.2,6.1,3.0,13.36,1.1767418032786885,892.8499999999999
131.1936458628087,118.2,6.1,14.0,22.32,1.1767418032786885,892.8499999999999
131.1936458628087,118.2,6.1,28.0,24.54,1.1767418032786885,892.8499999999999
131.1936458628087,118.2,6.1,56.0,31.35,1.1767418032786885,892.8499999999999
131.1936458628087,118.2,6.1,100.0,40.86,1.1767418032786885,892.8499999999999
119.21708674034392,94.1,7.0,3.0,19.93,1.275307980717729,898.45
119.21708674034392,94.1,7.0,14.0,25.69,1.275307980717729,898.45
119.21708674034392,94.1,7.0,28.0,30.23,1.275307980717729,898.45
119.21708674034392,94.1,7.0,56.0,39.59,1.275307980717729,898.45
119.21708674034392,94.1,7.0,100.0,44.3,1.275307980717729,898.45
110.97899061269311,95.7,5.5,3.0,13.82,1.3340448239060831,909.05
110.97899061269311,95.7,5.5,14.0,24.92,1.3340448239060831,909.05
110.97899061269311,95.7,5.5,28.0,29.22,1.3340448239060831,909.05
110.97899061269311,95.7,5.5,56.0,38.33,1.3340448239060831,909.05
110.97899061269311,95.7,5.5,100.0,42.35,1.3340448239060831,909.05
102.08335844954036,100.4,8.7,3.0,13.54,1.3339610797237915,955.7
102.08335844954036,100.4,8.7,14.0,26.31,1.3339610797237915,955.7
102.08335844954036,100.4,8.7,28.0,31.64,1.3339610797237915,955.7
102.08335844954036,100.4,8.7,56.0,42.55,1.3339610797237915,955.7
102.08335844954036,100.4,8.7,100.0,42.92,1.3339610797237915,955.7
102.68763085097521,100.4,10.4,3.0,13.33,1.3337515683814303,953.8
102.68763085097521,100.4,10.4,14.0,25.37,1.3337515683814303,953.8
102.68763085097521,100.4,10.4,28.0,37.4,1.3337515683814303,953.8
102.68763085097521,100.4,10.4,56.0,44.4,1.3337515683814303,953.8
102.68763085097521,100.4,10.4,100.0,47.74,1.3337515683814303,953.8
115.68352101800747,124.8,7.8,3.0,19.52,1.3333333333333333,942.45
115.68352101800747,124.8,7.8,14.0,31.35,1.3333333333333333,942.45
115.68352101800747,124.8,7.8,28.0,38.5,1.3333333333333333,942.45
115.68352101800747,124.8,7.8,56.0,45.08,1.3333333333333333,942.45
115.68352101800747,124.8,7.8,100.0,47.82,1.3333333333333333,942.45
120.3876411166948,121.6,6.7,3.0,15.44,1.332183908045977,917.45
120.3876411166948,121.6,6.7,14.0,26.77,1.332183908045977,917.45
120.3876411166948,121.6,6.7,28.0,33.73,1.332183908045977,917.45
120.3876411166948,121.6,6.7,56.0,42.7,1.332183908045977,917.45
120.3876411166948,121.6,6.7,100.0,45.84,1.332183908045977,917.45
124.92642102882621,118.3,5.8,3.0,17.22,1.3336870026525198,893.0500000000001
124.92642102882621,118.3,5.8,14.0,29.93,1.3336870026525198,893.0500000000001
124.92642102882621,118.3,5.8,28.0,29.65,1.3336870026525198,893.0500000000001
124.92642102882621,118.3,5.8,56.0,36.97,1.3336870026525198,893.0500000000001
124.92642102882621,118.3,5.8,100.0,43.58,1.3336870026525198,893.0500000000001
124.92642102882621,118.3,6.4,3.0,13.12,1.3336870026525198,893.0500000000001
124.92642102882621,118.3,6.4,14.0,24.43,1.3336870026525198,893.0500000000001
124.92642102882621,118.3,6.4,28.0,32.66,1.3336870026525198,893.0500000000001
124.92642102882621,118.3,6.4,56.0,36.64,1.3336870026525198,893.0500000000001
124.92642102882621,118.3,6.4,100.0,44.21,1.3336870026525198,893.0500000000001
135.08153546552944,167.0,7.6,3.0,13.62,1.0695754716981132,916.6999999999999
135.08153546552944,167.0,7.6,14.0,21.6,1.0695754716981132,916.6999999999999
135.08153546552944,167.0,7.6,28.0,27.77,1.0695754716981132,916.6999999999999
135.08153546552944,167.0,7.6,56.0,35.57,1.0695754716981132,916.6999999999999
135.08153546552944,167.0,7.6,100.0,45.37,1.0695754716981132,916.6999999999999
97.74310778577865,96.2,9.4,3.0,22.5,1.7275431290898273,913.1
97.74310778577865,96.2,9.4,14.0,34.67,1.7275431290898273,913.1
97.74310778577865,96.2,9.4,28.0,34.74,1.7275431290898273,913.1
97.74310778577865,96.2,9.4,56.0,45.08,1.7275431290898273,913.1
97.74310778577865,96.2,9.4,100.0,48.97,1.7275431290898273,913.1
96.64313820367329,97.4,11.8,3.0,23.14,1.7254047322540476,924.75
96.64313820367329,97.4,11.8,14.0,41.89,1.7254047322540476,924.75
96.64313820367329,97.4,11.8,28.0,48.28,1.7254047322540476,924.75
96.64313820367329,97.4,11.8,56.0,51.04,1.7254047322540476,924.75
96.64313820367329,97.4,11.8,100.0,55.64,1.7254047322540476,924.75
98.76382651759172,95.6,8.9,3.0,22.95,1.724198250728863,907.1500000000001
98.76382651759172,95.6,8.9,14.0,35.23,1.724198250728863,907.1500000000001
98.76382651759172,95.6,8.9,28.0,39.94,1.724198250728863,907.1500000000001
98.76382651759172,95.6,8.9,56.0,48.72,1.724198250728863,907.1500000000001
98.76382651759172,95.6,8.9,100.0,52.04,1.724198250728863,907.1500000000001
92.15607815065789,99.9,12.4,3.0,21.02,1.7234770704996578,952.9
92.15607815065789,99.9,12.4,14.0,33.36,1.7234770704996578,952.9
92.15607815065789,99.9,12.4,28.0,33.94,1.7234770704996578,952.9
92.15607815065789,99.9,12.4,56.0,44.14,1.7234770704996578,952.9
92.15607815065789,99.9,12.4,100.0,45.37,1.7234770704996578,952.9
98.81234278038022,98.8,12.8,3.0,15.36,1.575585072738773,938.4
98.81234278038022,98.8,12.8,14.0,28.68,1.575585072738773,938.4
98.81234278038022,98.8,12.8,28.0,30.85,1.575585072738773,938.4
98.81234278038022,98.8,12.8,56.0,42.03,1.575585072738773,938.4
98.81234278038022,98.8,12.8,100.0,51.06,1.575585072738773,938.4
97.89949692112202,98.8,14.2,3.0,21.78,1.7245386192754613,938.4
97.89949692112202,98.8,14.2,14.0,42.29,1.7245386192754613,938.4
97.89949692112202,98.8,14.2,28.0,50.6,1.7245386192754613,938.4
97.89949692112202,98.8,14.2,56.0,55.83,1.7245386192754613,938.4
97.89949692112202,98.8,14.2,100.0,60.95,1.7245386192754613,938.4
105.15738584302994,125.1,12.0,3.0,23.52,1.7222609909281228,943.8499999999999
105.15738584302994,125.1,12.0,14.0,42.22,1.7222609909281228,943.8499999999999
105.15738584302994,125.1,12.0,28.0,52.5,1.7222609909281228,943.8499999999999
105.15738584302994,125.1,12.0,56.0,60.32,1.7222609909281228,943.8499999999999
105.15738584302994,125.1,12.0,100.0,66.42,1.7222609909281228,943.8499999999999
108.77137641699494,121.4,9.9,3.0,23.8,1.7247648902821318,915.55
108.77137641699494,121.4,9.9,14.0,38.77,1.7247648902821318,915.55
108.77137641699494,121.4,9.9,28.0,51.33,1.7247648902821318,915.55
108.77137641699494,121.4,9.9,56.0,56.85,1.7247648902821318,915.55
108.77137641699494,121.4,9.9,100.0,58.61,1.7247648902821318,915.55
113.89757776327133,117.5,9.5,3.0,21.91,1.7002288329519448,888.15
113.89757776327133,117.5,9.5,14.0,36.99,1.7002288329519448,888.15
113.89757776327133,117.5,9.5,28.0,47.4,1.7002288329519448,888.15
113.89757776327133,117.5,9.5,56.0,51.96,1.7002288329519448,888.15
113.89757776327133,117.5,9.5,100.0,56.74,1.7002288329519448,888.15
126.58616089340853,174.7,10.2,3.0,17.57,1.3804909560723513,914.95
126.58616089340853,174.7,10.2,14.0,33.73,1.3804909560723513,914.95
126.58616089340853,174.7,10.2,28.0,40.15,1.3804909560723513,914.95
126.58616089340853,174.7,10.2,56.0,46.64,1.3804909560723513,914.95
126.58616089340853,174.7,10.2,100.0,50.08,1.3804909560723513,914.95
127.07955585141457,174.2,11.7,3.0,17.37,1.3809831824062095,913.9
127.07955585141457,174.2,11.7,14.0,33.7,1.3809831824062095,913.9
127.07955585141457,174.2,11.7,28.0,45.94,1.3809831824062095,913.9
127.07955585141457,174.2,11.7,56.0,51.43,1.3809831824062095,913.9
127.07955585141457,174.2,11.7,100.0,59.3,1.3809831824062095,913.9
116.04231179486533,124.1,11.3,3.0,15.34,1.3810725552050473,936.8
116.04231179486533,124.1,11.3,14.0,26.05,1.3810725552050473,936.8
116.04231179486533,124.1,11.3,28.0,30.22,1.3810725552050473,936.8
116.04231179486533,124.1,11.3,56.0,37.27,1.3810725552050473,936.8
116.04231179486533,124.1,11.3,100.0,46.23,1.3810725552050473,936.8
79.20249857971095,59.0,1.9,28.0,57.23,3.3450704225352115,869.5
105.618553160222,136.0,20.0,28.0,55.55,2.4367088607594938,835.5
123.12246664274193,125.2,9.9,3.0,12.55,1.1422569027611045,938.95
113.37439113837263,95.7,5.3,3.0,8.49,1.3034410844629822,903.05
129.49197389071497,174.2,11.7,3.0,15.61,1.3410804020100504,907.75
109.29943171846708,100.5,7.5,3.0,12.18,1.1439482961222092,949.9
123.19966717155057,118.3,5.8,3.0,11.98,1.3032659409020217,898.9499999999999
123.12246664274193,125.2,9.9,14.0,19.42,1.1422569027611045,938.95
113.37439113837263,95.7,5.3,14.0,24.66,1.3034410844629822,903.05
129.49197389071497,174.2,11.7,14.0,29.59,1.3410804020100504,907.75
109.29943171846708,100.5,7.5,14.0,24.28,1.1439482961222092,949.9
123.19966717155057,118.3,5.8,14.0,20.73,1.3032659409020217,898.9499999999999
123.12246664274193,125.2,9.9,28.0,24.85,1.1422569027611045,938.95
113.37439113837263,95.7,5.3,28.0,27.22,1.3034410844629822,903.05
129.49197389071497,174.2,11.7,28.0,44.64,1.3410804020100504,907.75
109.29943171846708,100.5,7.5,28.0,37.27,1.1439482961222092,949.9
123.19966717155057,118.3,5.8,28.0,33.27,1.3032659409020217,898.9499999999999
123.12246664274193,125.2,9.9,56.0,31.72,1.1422569027611045,938.95
113.37439113837263,95.7,5.3,56.0,39.64,1.3034410844629822,903.05
129.49197389071497,174.2,11.7,56.0,51.26,1.3410804020100504,907.75
109.29943171846708,100.5,7.5,56.0,43.39,1.1439482961222092,949.9
123.19966717155057,118.3,5.8,56.0,39.27,1.3032659409020217,898.9499999999999
123.12246664274193,125.2,9.9,100.0,33.56,1.1422569027611045,938.95
113.37439113837263,95.7,5.3,100.0,41.16,1.3034410844629822,903.05
129.49197389071497,174.2,11.7,100.0,52.96,1.3410804020100504,907.75
109.29943171846708,100.5,7.5,100.0,44.28,1.1439482961222092,949.9
123.19966717155057,118.3,5.8,100.0,40.15,1.3032659409020217,898.9499999999999
148.01094522312758,175.0,18.0,28.0,15.42,0.9113924050632911,893.5
135.03827322354664,100.0,10.0,28.0,30.12,1.5561224489795917,832.0
156.2919358960571,184.0,12.0,28.0,15.57,0.9041916167664671,881.5
157.86626237266682,150.0,12.0,28.0,18.03,0.9065934065934066,876.0
122.47312232225988,107.0,6.0,28.0,42.64,1.6021505376344085,847.0
139.87484986327127,126.0,6.0,28.0,40.06,1.5142857142857142,799.0
128.76939949557783,142.0,11.0,28.0,40.87,1.8445595854922279,789.5
157.8697193309298,200.0,13.0,28.0,15.09,0.9060773480662984,847.5
118.25787571088847,113.0,10.0,28.0,38.46,1.8470588235294119,854.0
126.43845628352369,128.0,11.0,28.0,37.26,1.7637362637362637,825.0
140.53299367639954,107.0,11.0,28.0,31.87,1.4190476190476191,812.0
126.57366615583999,116.0,10.0,28.0,31.18,1.6428571428571428,815.5
129.50988236867613,113.0,8.0,28.0,36.8,1.7584269662921348,845.5
142.80656856240222,107.0,11.0,28.0,31.42,1.339366515837104,798.5
144.5376046215183,112.0,8.0,28.0,12.18,0.8260869565217391,904.0
144.41291579330397,120.0,10.0,28.0,23.84,1.4150943396226414,803.0
140.37345089997916,137.0,16.0,28.0,17.95,0.9367088607594937,916.0
133.7325021551037,138.0,11.0,28.0,40.68,1.6381909547738693,796.5
185.3512838962215,195.0,11.0,28.0,8.54,0.7181818181818181,805.5
166.23244795807108,185.0,16.0,28.0,13.46,0.9041916167664671,876.0
134.31972392440764,90.0,11.0,28.0,32.24,1.3718592964824121,846.5
149.7850473516213,134.0,11.0,28.0,13.2,0.8011049723756906,895.5
164.83073267187137,143.0,9.0,28.0,12.46,0.8031088082901554,872.0
157.51379509157914,166.0,10.0,28.0,13.29,0.75,883.0
154.3869440947601,182.0,15.0,28.0,15.52,0.8176795580110497,861.5
117.7762570618192,107.0,13.0,28.0,35.86,1.8170731707317074,868.5
161.65991339722416,179.0,8.0,28.0,10.54,0.7178217821782178,846.5
149.999009458204,143.0,9.0,28.0,9.74,0.8031088082901554,872.5
129.518438920067,113.0,8.0,28.0,36.8,1.7551820728291316,845.3
142.6696515363098,106.7,10.5,28.0,31.42,1.3369467028003612,798.8
144.67738769157575,111.9,7.9,28.0,12.18,0.8221258134490238,903.95
144.53847033461636,119.8,9.9,28.0,23.84,1.4174940898345154,802.9000000000001
140.35345480471904,136.6,16.1,28.0,17.96,0.9367488931056294,915.95
133.44437946359795,137.9,10.8,28.0,38.63,1.6407035175879396,796.8
185.3141670147021,194.9,11.0,28.0,8.54,0.7209831588529814,805.3
166.2325080686469,185.3,15.6,28.0,13.46,0.9040191961607679,876.25
134.33116346827683,89.6,10.6,28.0,32.25,1.3719174635128335,846.75
149.88496771734594,133.6,11.1,28.0,13.2,0.8008849557522124,895.5
164.89640220004173,142.8,9.1,28.0,12.46,0.8008277289187791,872.0500000000001
157.6250517285348,165.7,10.0,28.0,13.29,0.7475027746947835,882.95
154.29848948645383,182.1,15.0,28.0,15.53,0.8164277839029768,861.5999999999999
117.71352295322555,107.5,12.8,28.0,35.87,1.8221271393643035,868.6
161.62283967776727,178.9,7.8,28.0,10.54,0.720872583044125,846.35
150.09888666186617,142.8,9.1,28.0,9.74,0.8008277289187791,872.45
148.04797578052182,174.9,17.9,28.0,15.42,0.9065656565656565,893.6
134.97555606346629,99.6,9.8,28.0,30.12,1.5551020408163265,832.3
156.2348999783668,183.9,11.6,28.0,15.57,0.9057623049219689,881.7
157.95473392948645,150.4,11.7,28.0,18.03,0.9063876651982379,876.0999999999999
122.39324121385772,107.0,6.1,28.0,42.64,1.5992489270386268,847.1
140.09160483570327,126.5,5.7,28.0,40.06,1.5159752026704816,798.55
128.62680122709537,141.6,11.0,28.0,40.87,1.84117951370926,789.9
157.76135495148844,200.1,12.6,28.0,15.09,0.9061810154525386,847.65
118.28929440150455,112.6,10.1,28.0,38.46,1.8469688051795174,854.0999999999999
126.38427872632087,127.9,11.5,28.0,37.27,1.7610958904109588,824.9000000000001
140.4930014858793,107.0,11.1,28.0,31.88,1.4220314735336195,811.9000000000001
126.43100777678171,115.6,10.4,28.0,31.18,1.643877551020408,815.65
61.593474778616496,89.11823546716766,2.5,28.0,79.99,3.3333333333333335,858.0
59.027899116727895,89.11823546716766,2.5,28.0,61.89,3.3333333333333335,865.5
40.31382151871253,63.784518295896305,6.204660194174758,3.0,41.3,3.7468265162200276,872.9000000000001
40.31382151871253,63.784518295896305,6.204660194174758,7.0,46.9,3.7468265162200276,872.9000000000001
40.31382151871253,63.784518295896305,6.204660194174758,28.0,56.4,3.7468265162200276,872.9000000000001
40.31382151871253,63.784518295896305,6.204660194174758,56.0,58.8,3.7468265162200276,872.9000000000001
40.31382151871253,63.784518295896305,6.204660194174758,91.0,59.2,3.7468265162200276,872.9000000000001
40.21200031058072,75.63491977774066,4.0,28.0,67.57,3.5714285714285716,909.5
70.97502103523061,93.22342168221559,11.3,28.0,78.8,2.7333333333333334,887.5
76.96454549663576,74.5189471002771,8.2,28.0,41.37,3.185185185185185,801.5
52.978426835190135,63.81318255760448,5.2,28.0,60.28,3.0588235294117645,855.0
74.2432234798822,78.4101197557678,6.9,28.0,56.83,2.854054054054054,820.0
63.251519998371236,69.87418582289007,5.2,28.0,51.02,2.9714285714285715,837.5
74.6652505729694,94.93605594014952,3.0,28.0,44.13,2.5005,868.8000000000001
76.96454549663576,74.5189471002771,8.3,28.0,41.37,3.185185185185185,801.5
83.04633005598066,102.25834446373813,9.5,28.0,58.52,2.932098765432099,853.0
79.59355756808759,102.01860381562318,9.0,28.0,69.84,3.3112582781456954,844.0
99.69962758795839,101.78705401618623,7.0,28.0,39.05,1.9684210526315788,871.5
92.8184246024274,97.5196394961668,3.0,28.0,44.86,1.8461538461538463,901.5
95.70110004890921,101.77594333593424,8.0,28.0,25.1,1.7584269662921348,911.0
92.7613547877105,97.49125872050487,3.4,28.0,44.87,1.8499175371083012,901.3
95.78663618615212,101.77028086279412,8.0,28.0,25.1,1.755755193711398,910.95
99.47713126256053,101.62253445029671,6.7,28.0,39.06,1.9679284963196637,871.8
142.5,118.73201259016861,2.7125918467579098,45.662135922330094,40.27,1.4583333333333333,763.0
142.5,118.73201259016861,2.7125918467579098,45.662135922330094,41.05,1.4583333333333333,763.0
132.4,116.93994615049013,6.9171429101124815,45.662135922330094,44.3,1.034375,901.95
114.0,118.78139007908544,2.8338291521291126,90.0,47.03,1.1666666666666667,801.0
95.0,110.64674099968164,2.625993771492766,45.662135922330094,43.7,1.6666666666666667,763.0
95.0,110.64674099968164,2.625993771492766,28.0,36.45,1.6666666666666667,763.0
114.0,118.78139007908544,2.8338291521291126,28.0,45.85,1.1666666666666667,801.0
132.4,116.93994615049013,6.9171429101124815,90.0,38.07,1.034375,901.95
132.4,116.93994615049013,6.9171429101124815,28.0,28.02,1.034375,901.95
47.5,102.56146940919467,2.539395696227622,45.662135922330094,43.01,1.875,763.0
190.0,131.7178246238646,2.9723860725533484,90.0,42.33,0.8333333333333334,801.0
76.0,112.31317280669586,2.7645506919169947,28.0,47.81,1.3333333333333333,801.0
209.4,129.74088942765326,6.076850692940347,90.0,39.36,0.7270833333333333,926.95
38.0,105.84495553430628,2.6952722317048767,45.662135922330094,56.14,1.5,801.0
95.0,110.64674099968164,2.625993771492766,90.0,40.56,1.6666666666666667,763.0
47.5,102.56146940919467,2.539395696227622,45.662135922330094,41.84,1.875,763.0
209.4,129.74088942765326,6.076850692940347,28.0,28.24,0.7270833333333333,926.95
209.4,129.74088942765326,6.076850692940347,3.0,8.06,0.7270833333333333,926.95
209.4,129.74088942765326,6.076850692940347,45.662135922330094,44.21,0.7270833333333333,926.95
95.0,110.64674099968164,2.625993771492766,45.662135922330094,41.15,1.6666666666666667,763.0
38.0,105.84495553430628,2.6952722317048767,45.662135922330094,52.12,1.5,801.0
47.5,102.56146940919467,2.539395696227622,28.0,37.43,1.875,763.0
76.0,112.31317280669586,2.7645506919169947,45.662135922330094,55.26,1.3333333333333333,801.0
114.0,118.78139007908544,2.8338291521291126,45.662135922330094,52.91,1.1666666666666667,801.0
132.4,116.93994615049013,6.9171429101124815,45.662135922330094,41.72,1.034375,901.95
190.0,131.7178246238646,2.9723860725533484,45.662135922330094,53.69,0.8333333333333334,801.0
237.5,134.90255577114254,2.8857879972881975,45.662135922330094,38.41,1.0416666666666667,763.0
237.5,134.90255577114254,2.8857879972881975,28.0,30.08,1.0416666666666667,763.0
142.5,118.73201259016861,2.7125918467579098,90.0,37.72,1.4583333333333333,763.0
237.5,134.90255577114254,2.8857879972881975,45.662135922330094,36.25,1.0416666666666667,763.0
38.0,105.84495553430628,2.6952722317048767,90.0,50.46,1.5,801.0
47.5,102.56146940919467,2.539395696227622,45.662135922330094,43.7,1.875,763.0
237.5,134.90255577114254,2.8857879972881975,45.662135922330094,39.0,1.0416666666666667,763.0
47.5,102.56146940919467,2.539395696227622,90.0,41.54,1.875,763.0
47.5,102.56146940919467,2.539395696227622,7.0,35.08,1.875,763.0
95.0,110.64674099968164,2.625993771492766,45.662135922330094,40.76,1.6666666666666667,763.0
237.5,134.90255577114254,2.8857879972881975,7.0,26.26,1.0416666666666667,763.0
95.0,110.64674099968164,2.625993771492766,7.0,32.82,1.6666666666666667,763.0
142.5,118.73201259016861,2.7125918467579098,45.662135922330094,39.78,1.4583333333333333,763.0
190.0,131.7178246238646,2.9723860725533484,45.662135922330094,46.93,0.8333333333333334,801.0
237.5,134.90255577114254,2.8857879972881975,90.0,33.12,1.0416666666666667,763.0
76.0,112.31317280669586,2.7645506919169947,90.0,49.19,1.3333333333333333,801.0
209.4,129.74088942765326,6.076850692940347,7.0,14.59,0.7270833333333333,926.95
132.4,116.93994615049013,6.9171429101124815,7.0,14.64,1.034375,901.95
132.4,116.93994615049013,6.9171429101124815,3.0,9.13,1.034375,901.95
76.0,112.31317280669586,2.7645506919169947,45.662135922330094,50.95,1.3333333333333333,801.0
142.5,118.73201259016861,2.7125918467579098,28.0,33.02,1.4583333333333333,763.0
76.0,112.31317280669586,2.7645506919169947,45.662135922330094,54.38,1.3333333333333333,801.0
114.0,118.78139007908544,2.8338291521291126,45.662135922330094,51.73,1.1666666666666667,801.0
190.0,131.7178246238646,2.9723860725533484,45.662135922330094,50.66,0.8333333333333334,801.0
114.0,118.78139007908544,2.8338291521291126,45.662135922330094,48.7,1.1666666666666667,801.0
38.0,105.84495553430628,2.6952722317048767,45.662135922330094,55.06,1.5,801.0
209.4,129.74088942765326,6.076850692940347,45.662135922330094,44.7,0.7270833333333333,926.95
142.5,118.73201259016861,2.7125918467579098,7.0,30.28,1.4583333333333333,763.0
190.0,131.7178246238646,2.9723860725533484,28.0,40.86,0.8333333333333334,801.0
200.0,141.7849461534904,4.868295932117135,28.0,49.25,1.0526315789473684,902.5
238.2,138.9439309447245,6.935548021972352,7.0,9.62,0.8551427032848682,887.4499999999999
73.89582524271846,135.5707241082165,8.156137486281082,7.0,25.42,1.2902530963920302,802.95
158.8,125.42876117031051,6.7907925024765134,7.0,15.69,1.2827140549273022,887.4499999999999
272.8,137.97772590223636,7.28307749767545,28.0,27.94,0.979536887452881,863.3499999999999
290.2,137.48611256879178,7.458132794151368,28.0,32.63,1.0420032310177707,851.25
170.3,123.96691524600749,6.952692600934483,7.0,17.24,1.3758750673128703,875.4499999999999
181.9,122.50506932170444,7.1173561283785745,7.0,19.77,1.4690360796984385,863.3499999999999
73.89582524271846,135.5707241082165,8.156137486281082,28.0,39.44,1.2902530963920302,802.95
147.2,126.90762871901455,6.623547857783699,28.0,25.75,1.1890145395799678,899.65
316.1,136.78273581742695,7.719698647846968,7.0,21.82,1.1346257404415725,833.15
238.2,138.9439309447245,6.935548021972352,28.0,21.07,0.8551427032848682,887.4499999999999
170.3,123.96691524600749,6.952692600934483,28.0,32.05,1.3758750673128703,875.4499999999999
135.7,127.6280270947804,6.3621643158254955,7.0,11.96,1.0958535271943997,917.75
342.1,136.06233744166107,7.9810821898051785,28.0,39.7,1.2277867528271407,815.05
147.2,126.90762871901455,6.623547857783699,7.0,13.09,1.1890145395799678,899.65
210.7,118.84194369874638,7.52754207662705,28.0,38.7,1.702207862143242,833.15
203.5,139.1686884386755,6.485771673782899,7.0,7.51,0.7307485191168551,917.75
203.5,139.1686884386755,6.485771673782899,28.0,18.2,0.7307485191168551,917.75
290.2,137.48611256879178,7.458132794151368,7.0,17.2,1.0420032310177707,851.25
135.7,127.6280270947804,6.3621643158254955,28.0,22.63,1.0958535271943997,917.75
193.5,121.0262017730004,7.281837344085268,7.0,21.86,1.5627355950457729,851.25
272.8,137.97772590223636,7.28307749767545,7.0,12.37,0.979536887452881,863.3499999999999
155.5,138.46933923568093,7.108022201199546,28.0,25.73,0.9170705438879915,875.4499999999999
316.1,136.78273581742695,7.719698647846968,28.0,37.81,1.1346257404415725,833.15
342.1,136.06233744166107,7.9810821898051785,7.0,21.92,1.2277867528271407,815.05
193.5,121.0262017730004,7.281837344085268,28.0,33.04,1.5627355950457729,851.25
158.8,125.42876117031051,6.7907925024765134,28.0,26.91,1.2827140549273022,887.4499999999999
124.1,129.83132056762062,6.294220802895509,7.0,8.0,1.0026925148088315,923.85
210.7,118.84194369874638,7.52754207662705,7.0,24.44,1.702207862143242,833.15
124.1,129.83132056762062,6.294220802895509,28.0,17.6,1.0026925148088315,923.85
155.5,138.46933923568093,7.108022201199546,7.0,10.73,0.9170705438879915,875.4499999999999
181.9,122.50506932170444,7.1173561283785745,28.0,31.38,1.4690360796984385,863.3499999999999
305.3,141.98349959644517,5.6455268512947825,7.0,19.54,1.0,796.7
166.8,124.52904342891992,5.364183811914494,90.0,47.71,1.2294840294840295,835.85
236.0,130.59016718135592,7.587121824886282,90.0,43.38,0.8177083333333334,858.3
212.0,134.99864307355202,5.642860734540832,28.0,29.89,0.6943488943488944,860.15
250.2,138.9475124439361,5.543866090767523,3.0,6.9,0.8196560196560198,834.1
183.9,130.52994813564015,5.864866200490681,90.0,33.19,0.6024570024570024,879.1500000000001
122.6,120.11052132878245,5.739291960533706,3.0,4.9,0.9036855036855037,879.6
153.0,116.10710744096451,8.356143095096897,3.0,4.57,0.53125,914.5
153.0,116.10710744096451,8.356143095096897,90.0,25.46,0.53125,914.5
183.9,130.52994813564015,5.864866200490681,28.0,24.29,0.6024570024570024,879.1500000000001
250.2,138.9475124439361,5.543866090767523,28.0,33.95,0.8196560196560198,834.1
133.0,119.56363094622924,7.094213429886523,3.0,11.41,1.0416666666666667,885.8
162.4,125.71268340029329,6.167279677550674,28.0,20.59,0.5321867321867322,893.6
203.5,124.50719644649408,5.432299212760093,7.0,25.89,1.5002457002457004,798.2
162.4,125.71268340029329,6.167279677550674,90.0,29.23,0.5321867321867322,893.6
173.0,121.1533844611634,8.01558854744345,90.0,31.02,0.6041666666666666,900.8499999999999
212.0,134.99864307355202,5.642860734540832,7.0,10.39,0.6943488943488944,860.15
236.0,130.59016718135592,7.587121824886282,28.0,33.66,0.8177083333333334,858.3
200.0,126.07456547457082,7.741413801307054,28.0,27.87,0.6927083333333334,883.3
166.8,124.52904342891992,5.364183811914494,7.0,19.35,1.2294840294840295,835.85
116.0,116.65602034330993,7.400436494693537,7.0,11.39,0.9010416666666666,901.8
288.0,134.28624572295098,7.600688728407462,3.0,12.79,1.0,822.95
288.0,134.28624572295098,7.600688728407462,28.0,39.32,1.0,822.95
102.0,107.26296053576345,8.249346964092155,3.0,4.78,0.796875,915.55
192.0,117.69339413146417,7.3952717416558755,3.0,16.11,1.5,824.9
203.5,124.50719644649408,5.432299212760093,28.0,43.38,1.5002457002457004,798.2
157.0,121.90317716615459,6.9290977609221756,7.0,20.42,1.2291666666666667,860.85
116.0,116.65602034330993,7.400436494693537,3.0,6.94,0.9010416666666666,901.8
141.3,122.74192035746603,5.491858904309879,7.0,15.03,1.0417690417690417,861.7
157.0,121.90317716615459,6.9290977609221756,3.0,13.57,1.2291666666666667,860.85
122.6,120.11052132878245,5.739291960533706,90.0,32.53,0.9036855036855037,879.6
250.2,138.9475124439361,5.543866090767523,7.0,15.75,0.8196560196560198,834.1
153.0,116.10710744096451,8.356143095096897,7.0,7.68,0.53125,914.5
192.0,117.69339413146417,7.3952717416558755,28.0,38.8,1.5,824.9
141.3,122.74192035746603,5.491858904309879,28.0,33.0,1.0417690417690417,861.7
153.0,116.10710744096451,8.356143095096897,28.0,17.28,0.53125,914.5
116.0,116.65602034330993,7.400436494693537,28.0,24.28,0.9010416666666666,901.8
122.6,120.11052132878245,5.739291960533706,28.0,24.05,0.9036855036855037,879.6
200.0,126.07456547457082,7.741413801307054,90.0,36.59,0.6927083333333334,883.3
288.0,134.28624572295098,7.600688728407462,90.0,50.73,1.0,822.95
200.0,126.07456547457082,7.741413801307054,7.0,13.66,0.6927083333333334,883.3
203.5,124.50719644649408,5.432299212760093,3.0,14.14,1.5002457002457004,798.2
157.0,121.90317716615459,6.9290977609221756,90.0,47.78,1.2291666666666667,860.85
162.4,125.71268340029329,6.167279677550674,3.0,2.33,0.5321867321867322,893.6
236.0,130.59016718135592,7.587121824886282,7.0,16.89,0.8177083333333334,858.3
192.0,117.69339413146417,7.3952717416558755,7.0,23.52,1.5,824.9
141.3,122.74192035746603,5.491858904309879,3.0,6.81,1.0417690417690417,861.7
141.3,122.74192035746603,5.491858904309879,90.0,39.7,1.0417690417690417,861.7
102.0,107.26296053576345,8.249346964092155,28.0,17.96,0.796875,915.55
157.0,121.90317716615459,6.9290977609221756,28.0,32.88,1.2291666666666667,860.85
173.0,121.1533844611634,8.01558854744345,28.0,22.35,0.6041666666666666,900.8499999999999
122.6,120.11052132878245,5.739291960533706,7.0,10.79,0.9036855036855037,879.6
162.4,125.71268340029329,6.167279677550674,7.0,7.72,0.5321867321867322,893.6
305.3,141.98349959644517,5.6455268512947825,28.0,41.68,1.0,796.7
305.3,141.98349959644517,5.6455268512947825,3.0,9.56,1.0,796.7
200.0,126.07456547457082,7.741413801307054,3.0,6.88,0.6927083333333334,883.3
192.0,117.69339413146417,7.3952717416558755,90.0,50.53,1.5,824.9
133.0,119.56363094622924,7.094213429886523,7.0,17.17,1.0416666666666667,885.8
133.0,119.56363094622924,7.094213429886523,28.0,30.44,1.0416666666666667,885.8
166.8,124.52904342891992,5.364183811914494,3.0,9.73,1.2294840294840295,835.85
183.9,130.52994813564015,5.864866200490681,3.0,3.32,0.6024570024570024,879.1500000000001
102.0,107.26296053576345,8.249346964092155,90.0,26.32,0.796875,915.55
133.0,119.56363094622924,7.094213429886523,90.0,43.25,1.0416666666666667,885.8
173.0,121.1533844611634,8.01558854744345,3.0,6.28,0.6041666666666666,900.8499999999999
116.0,116.65602034330993,7.400436494693537,90.0,32.1,0.9010416666666666,901.8
166.8,124.52904342891992,5.364183811914494,28.0,36.96,1.2294840294840295,835.85
203.5,124.50719644649408,5.432299212760093,90.0,54.6,1.5002457002457004,798.2
288.0,134.28624572295098,7.600688728407462,7.0,21.48,1.0,822.95
236.0,130.59016718135592,7.587121824886282,3.0,9.69,0.8177083333333334,858.3
102.0,107.26296053576345,8.249346964092155,7.0,8.37,0.796875,915.55
212.0,134.99864307355202,5.642860734540832,90.0,39.66,0.6943488943488944,860.15
173.0,121.1533844611634,8.01558854744345,7.0,10.09,0.6041666666666666,900.8499999999999
212.0,134.99864307355202,5.642860734540832,3.0,4.83,0.6943488943488944,860.15
183.9,130.52994813564015,5.864866200490681,7.0,10.35,0.6024570024570024,879.1500000000001
250.2,138.9475124439361,5.543866090767523,90.0,43.57,0.8196560196560198,834.1
305.3,141.98349959644517,5.6455268512947825,90.0,51.86,1.0,796.7
85.09968545790923,60.0,5.262112470653392,28.0,64.02,2.58974358974359,830.0
116.70298671986802,143.6,10.20712172964162,3.0,14.4,1.0073260073260073,953.25
116.70298671986802,143.6,10.20712172964162,14.0,16.88,1.0073260073260073,953.25
116.70298671986802,143.6,10.20712172964162,28.0,26.2,1.0073260073260073,953.25
116.70298671986802,143.6,10.20712172964162,56.0,36.56,1.0073260073260073,953.25
116.70298671986802,143.6,10.20712172964162,100.0,37.96,1.0073260073260073,953.25
119.6632179335104,94.4761978187077,2.452797620962478,28.0,39.29,2.0833333333333335,763.0
127.24855276613152,99.3767382619167,2.625993771492766,90.0,52.91,1.6666666666666667,801.0
119.6632179335104,94.4761978187077,2.452797620962478,45.662135922330094,42.62,2.0833333333333335,763.0
127.24855276613152,99.3767382619167,2.625993771492766,45.662135922330094,52.52,1.6666666666666667,801.0
127.24855276613152,99.3767382619167,2.625993771492766,45.662135922330094,53.3,1.6666666666666667,801.0
119.6632179335104,94.4761978187077,2.452797620962478,7.0,38.6,2.0833333333333335,763.0
119.6632179335104,94.4761978187077,2.452797620962478,45.662135922330094,42.13,2.0833333333333335,763.0
119.6632179335104,94.4761978187077,2.452797620962478,90.0,42.23,2.0833333333333335,763.0
127.24855276613152,99.3767382619167,2.625993771492766,45.662135922330094,53.1,1.6666666666666667,801.0
81.27005837684146,94.09760793190648,5.695089914824109,3.0,15.05,1.8177083333333333,926.95
119.6632179335104,94.4761978187077,2.452797620962478,45.662135922330094,41.93,2.0833333333333335,763.0
94.17328742034186,94.25578987409148,6.816294507134899,3.0,9.87,1.6145833333333333,910.8
31.760044101704125,84.42334078828517,10.318254202602425,28.0,71.99,3.3219178082191783,960.0
92.43450611313972,89.98295809082151,3.358159981271612,3.0,16.28,1.7520969245107176,882.95
92.43450611313972,89.98295809082151,3.358159981271612,14.0,25.62,1.7520969245107176,882.95
92.43450611313972,89.98295809082151,3.358159981271612,28.0,31.97,1.7520969245107176,882.95
92.43450611313972,89.98295809082151,3.358159981271612,56.0,36.3,1.7520969245107176,882.95
92.43450611313972,89.98295809082151,3.358159981271612,100.0,43.06,1.7520969245107176,882.95
81.54239511580488,105.76089995188673,6.757298481942385,28.0,52.3,2.3142857142857145,907.5
114.52130554717917,85.18158440505522,5.095392622872389,28.0,23.85,2.0,779.05
98.57208665925543,91.2017899143845,7.653210948976927,90.0,32.07,1.5052083333333333,904.25
98.57208665925543,91.2017899143845,7.653210948976927,3.0,11.65,1.5052083333333333,904.25
92.38618409318457,89.76665975222369,7.085016970982508,3.0,19.2,2.046875,863.1
92.38618409318457,89.76665975222369,7.085016970982508,90.0,48.85,2.046875,863.1
92.38618409318457,89.76665975222369,7.085016970982508,28.0,39.6,2.046875,863.1
87.16792199062593,85.84229653585737,6.98720119713883,28.0,43.94,2.5,824.2
87.16792199062593,85.84229653585737,6.98720119713883,7.0,34.57,2.5,824.2
87.16792199062593,85.84229653585737,6.98720119713883,90.0,54.32,2.5,824.2
87.16792199062593,85.84229653585737,6.98720119713883,3.0,24.4,2.5,824.2
96.47372224181265,91.52713233951513,7.324285175770214,3.0,15.62,1.734375,886.9000000000001
99.51173513430047,89.61915357827363,8.038518131068784,90.0,21.86,1.328125,917.4
99.51173513430047,89.61915357827363,8.038518131068784,7.0,10.22,1.328125,917.4
98.57208665925543,91.2017899143845,7.653210948976927,7.0,14.6,1.5052083333333333,904.25
99.51173513430047,89.61915357827363,8.038518131068784,28.0,18.75,1.328125,917.4
96.47372224181265,91.52713233951513,7.324285175770214,28.0,31.97,1.734375,886.9000000000001
96.47372224181265,91.52713233951513,7.324285175770214,7.0,23.4,1.734375,886.9000000000001
98.57208665925543,91.2017899143845,7.653210948976927,28.0,25.57,1.5052083333333333,904.25
96.47372224181265,91.52713233951513,7.324285175770214,90.0,41.68,1.734375,886.9000000000001
92.38618409318457,89.76665975222369,7.085016970982508,7.0,27.74,2.046875,863.1
99.51173513430047,89.61915357827363,8.038518131068784,3.0,8.2,1.328125,917.4
87.31376323770928,98.39842162148247,6.50128146348483,28.0,33.08,2.13785675821217,887.4499999999999
88.93475283725934,100.12510961109396,6.4282332219076395,7.0,24.07,2.0597738287560583,893.55
98.50669578427073,110.43417267555981,5.983869979260078,7.0,14.84,1.592891760904685,930.35
87.31376323770928,98.39842162148247,6.50128146348483,7.0,25.45,2.13785675821217,887.4499999999999
67.9787618191317,93.63931954267073,5.645424818961665,28.0,22.49,2.053850296176629,944.4499999999999
98.50669578427073,110.43417267555981,5.983869979260078,28.0,25.22,1.592891760904685,930.35
105.14452861160862,117.2898597608027,5.710474080641951,28.0,17.58,1.2821755519655358,954.05
93.77487644519783,105.27113033112639,6.211487302687395,7.0,21.18,1.8266020463112547,911.75
67.9787618191317,93.63931954267073,5.645424818961665,7.0,14.54,2.053850296176629,944.4499999999999
93.77487644519783,105.27113033112639,6.211487302687395,28.0,31.9,1.8266020463112547,911.75
105.14452861160862,117.2898597608027,5.710474080641951,7.0,10.34,1.2821755519655358,954.05
103.55206544516034,115.58019339559223,5.783704633956546,28.0,19.77,1.3597199784598817,947.9499999999999
88.93475283725934,100.12510961109396,6.4282332219076395,28.0,37.44,2.0597738287560583,893.55
103.55206544516034,115.58019339559223,5.783704633956546,7.0,11.48,1.3597199784598817,947.9499999999999
104.28516395768946,98.28699645334547,6.165771208670179,3.0,13.22,1.7208121827411167,874.5
104.28516395768946,98.28699645334547,6.165771208670179,7.0,20.97,1.7208121827411167,874.5
104.28516395768946,98.28699645334547,6.165771208670179,14.0,27.04,1.7208121827411167,874.5
104.28516395768946,98.28699645334547,6.165771208670179,28.0,32.04,1.7208121827411167,874.5
104.28516395768946,98.28699645334547,6.165771208670179,90.0,35.17,1.7208121827411167,874.5
104.28516395768946,98.28699645334547,6.165771208670179,45.662135922330094,36.45,1.7208121827411167,874.5
104.28516395768946,98.28699645334547,6.165771208670179,45.662135922330094,38.89,1.7208121827411167,874.5
106.96295889641692,101.20924390887998,6.737014895838726,3.0,6.47,1.2164948453608246,926.5
106.96295889641692,101.20924390887998,6.737014895838726,14.0,12.84,1.2164948453608246,926.5
106.96295889641692,101.20924390887998,6.737014895838726,28.0,18.42,1.2164948453608246,926.5
106.96295889641692,101.20924390887998,6.737014895838726,90.0,21.95,1.2164948453608246,926.5
106.96295889641692,101.4799383528972,6.864835761720805,45.662135922330094,24.1,1.2227979274611398,926.5
106.96295889641692,101.4799383528972,6.864835761720805,45.662135922330094,25.08,1.2227979274611398,926.5
102.71354924321196,99.34285701802685,7.045729681150846,14.0,21.26,1.450261780104712,912.0
102.71354924321196,99.34285701802685,7.045729681150846,28.0,25.97,1.450261780104712,912.0
102.71354924321196,99.34285701802685,7.045729681150846,3.0,11.36,1.450261780104712,912.0
102.71354924321196,99.34285701802685,7.045729681150846,90.0,31.25,1.450261780104712,912.0
102.71354924321196,99.34285701802685,7.045729681150846,45.662135922330094,32.33,1.450261780104712,912.0
102.71354924321196,99.34285701802685,7.045729681150846,45.662135922330094,33.7,1.450261780104712,912.0
107.47721522112033,100.32494295419013,6.192915319578361,3.0,9.31,1.2828282828282829,915.5
107.47721522112033,100.32494295419013,6.192915319578361,90.0,26.94,1.2828282828282829,915.5
107.47721522112033,100.32494295419013,6.192915319578361,45.662135922330094,27.63,1.2828282828282829,915.5
107.47721522112033,100.32494295419013,6.192915319578361,45.662135922330094,29.79,1.2828282828282829,915.5
105.4536478787279,100.21971923681195,6.735394428166586,45.662135922330094,34.49,1.5906735751295338,890.0
105.4536478787279,100.21971923681195,6.735394428166586,45.662135922330094,36.15,1.5906735751295338,890.0
105.4536478787279,100.21971923681195,6.735394428166586,3.0,12.54,1.5906735751295338,890.0
105.4536478787279,100.21971923681195,6.735394428166586,28.0,27.53,1.5906735751295338,890.0
105.4536478787279,100.21971923681195,6.735394428166586,90.0,32.92,1.5906735751295338,890.0
106.96295889641692,101.4799383528972,6.864835761720805,7.0,9.99,1.2227979274611398,926.5
100.6503846120263,117.05833129778736,6.4228474895496745,7.0,7.84,1.1111111111111112,985.0
100.6503846120263,117.05833129778736,6.4228474895496745,28.0,12.25,1.1111111111111112,985.0
98.65251738409938,114.31170487000304,6.415254428484573,7.0,11.17,1.2430939226519337,973.0
98.65251738409938,114.31170487000304,6.415254428484573,28.0,17.34,1.2430939226519337,973.0
91.51667198031328,103.89247262229787,6.540337339967415,7.0,17.54,1.766304347826087,923.0
91.51667198031328,103.89247262229787,6.540337339967415,28.0,30.57,1.766304347826087,923.0
95.08459468220633,108.96674152414187,6.413885451284955,7.0,14.2,1.5027322404371584,948.0
95.08459468220633,108.96674152414187,6.413885451284955,28.0,24.5,1.5027322404371584,948.0
93.51453920824008,106.36840460606498,6.420109535150445,7.0,15.58,1.6304347826086956,935.0
93.51453920824008,106.36840460606498,6.420109535150445,28.0,26.85,1.6304347826086956,935.0
87.94874927842017,98.5475092764367,6.538968362767804,7.0,26.06,2.0161290322580645,898.0
87.94874927842017,98.5475092764367,6.538968362767804,28.0,38.21,2.0161290322580645,898.0
86.37869380445397,95.94917235835979,6.54519244663328,28.0,43.7,2.1390374331550803,885.0
86.37869380445397,95.94917235835979,6.54519244663328,7.0,30.14,2.1390374331550803,885.0
97.08246191013313,111.71336795192616,6.421478512350056,7.0,12.73,1.3736263736263736,960.0
97.08246191013313,111.71336795192616,6.421478512350056,28.0,20.87,1.3736263736263736,960.0
89.94661650634703,101.02344126020378,6.4187405579508265,7.0,20.28,1.881720430107527,910.0
89.94661650634703,101.02344126020378,6.4187405579508265,28.0,34.29,1.881720430107527,910.0
92.45024550044172,97.3105537740646,6.2497915649807965,3.0,11.85,1.6145833333333333,921.0
92.45024550044172,97.3105537740646,6.2497915649807965,7.0,17.24,1.6145833333333333,921.0
92.45024550044172,97.3105537740646,6.2497915649807965,28.0,27.83,1.6145833333333333,921.0
92.45024550044172,97.3105537740646,6.2497915649807965,90.0,35.76,1.6145833333333333,921.0
92.45024550044172,97.3105537740646,6.2497915649807965,120.0,38.7,1.6145833333333333,921.0
86.54715603060237,95.0706182372162,6.031883216029101,3.0,14.31,1.7239583333333333,923.0
86.54715603060237,95.0706182372162,6.031883216029101,7.0,17.44,1.7239583333333333,923.0
86.54715603060237,95.0706182372162,6.031883216029101,28.0,31.74,1.7239583333333333,923.0
86.54715603060237,95.0706182372162,6.031883216029101,90.0,37.91,1.7239583333333333,923.0
86.54715603060237,95.0706182372162,6.031883216029101,120.0,39.38,1.7239583333333333,923.0
79.19148888905539,93.78619996152088,5.570735610448821,3.0,15.87,1.8177083333333333,932.5
79.19148888905539,93.78619996152088,5.570735610448821,7.0,9.01,1.8177083333333333,932.5
79.19148888905539,93.78619996152088,5.570735610448821,28.0,33.61,1.8177083333333333,932.5
79.19148888905539,93.78619996152088,5.570735610448821,90.0,40.66,1.8177083333333333,932.5
79.19148888905539,93.78619996152088,5.570735610448821,120.0,40.86,1.8177083333333333,932.5
105.21587938216896,117.27015990491077,5.669546703628612,7.0,12.05,1.2795698924731183,954.0
105.21587938216896,117.27015990491077,5.669546703628612,28.0,17.54,1.2795698924731183,954.0
98.76612865946049,110.3634079464648,5.96450309892348,7.0,18.91,1.5913978494623655,929.5
98.76612865946049,110.3634079464648,5.96450309892348,28.0,25.18,1.5913978494623655,929.5
116.01985137895315,115.38332454221472,6.653537228078861,7.0,30.96,1.596774193548387,887.0
84.94252395290556,84.53734885043195,6.989964626124944,28.0,43.89,2.5,828.5
84.94252395290556,84.53734885043195,6.989964626124944,90.0,54.28,2.5,828.5
87.49341827713528,98.36170014118954,6.471225490678556,28.0,36.94,2.1344086021505375,887.0
99.36668945779684,112.17520405808142,5.7984098305053,7.0,14.5,1.510752688172043,939.0
99.36668945779684,112.44589850209866,5.926230696387378,28.0,22.44,1.518918918918919,939.0
74.642508654896,94.98273546649204,3.3194949597071854,1.0,12.64,2.5,869.0
74.642508654896,94.98273546649204,3.3194949597071854,3.0,26.06,2.5,869.0
74.642508654896,94.98273546649204,3.3194949597071854,7.0,33.21,2.5,869.0
74.642508654896,94.98273546649204,3.3194949597071854,14.0,36.94,2.5,869.0
74.642508654896,94.98273546649204,3.3194949597071854,28.0,44.09,2.5,869.0
63.23193541416879,95.48283569454668,6.697733643563197,7.0,52.61,3.121387283236994,869.0
63.23193541416879,95.48283569454668,6.697733643563197,14.0,59.76,3.121387283236994,869.0
63.23193541416879,95.48283569454668,6.697733643563197,28.0,67.31,3.121387283236994,869.0
63.23193541416879,95.48283569454668,6.697733643563197,90.0,69.66,3.121387283236994,869.0
63.23193541416879,95.48283569454668,6.697733643563197,45.662135922330094,71.62,3.121387283236994,869.0
63.23193541416879,95.48283569454668,6.697733643563197,45.662135922330094,74.17,3.121387283236994,869.0
101.66166631074236,95.68018816337403,5.295888852680143,7.0,18.13,1.7241379310344827,874.5
101.66166631074236,95.68018816337403,5.295888852680143,14.0,22.53,1.7241379310344827,874.5
101.66166631074236,95.68018816337403,5.295888852680143,28.0,27.34,1.7241379310344827,874.5
101.66166631074236,95.68018816337403,5.295888852680143,56.0,29.98,1.7241379310344827,874.5
101.66166631074236,95.68018816337403,5.295888852680143,90.0,31.35,1.7241379310344827,874.5
101.66166631074236,95.68018816337403,5.295888852680143,45.662135922330094,32.72,1.7241379310344827,874.5
96.12700226279674,96.10389928779699,7.5155716240300805,1.0,6.27,2.0698924731182795,864.5
96.12700226279674,96.10389928779699,7.5155716240300805,3.0,14.7,2.0698924731182795,864.5
96.12700226279674,96.10389928779699,7.5155716240300805,7.0,23.22,2.0698924731182795,864.5
96.12700226279674,96.10389928779699,7.5155716240300805,14.0,27.92,2.0698924731182795,864.5
96.12700226279674,96.10389928779699,7.5155716240300805,28.0,31.35,2.0698924731182795,864.5
93.55886626518111,94.47746019838647,6.6812890277667165,45.662135922330094,39.0,1.7239583333333333,901.5
93.55886626518111,94.47746019838647,6.6812890277667165,45.662135922330094,41.24,1.7239583333333333,901.5
81.50115441569272,94.23106849064317,5.695089914824109,3.0,14.99,1.8177083333333333,926.5
93.55886626518111,94.47746019838647,6.6812890277667165,3.0,13.52,1.7239583333333333,901.5
89.29124771768625,100.17349625280616,6.401852236774488,7.0,24.0,2.053763440860215,893.0
89.29124771768625,100.17349625280616,6.401852236774488,28.0,37.42,2.053763440860215,893.0
66.78998961773209,93.50046831597166,5.517554961216874,7.0,11.47,2.053763440860215,947.5
99.36668945779684,112.17520405808142,5.7984098305053,28.0,22.44,1.510752688172043,939.0
93.94316899984375,105.53914654365269,6.304089961265767,7.0,21.16,1.8324324324324324,911.5
93.94316899984375,105.53914654365269,6.304089961265767,28.0,31.84,1.8324324324324324,911.5
102.64319891712273,110.80431863449229,6.384307125721904,7.0,14.8,1.5945945945945945,919.0
102.64319891712273,110.80431863449229,6.384307125721904,28.0,25.18,1.5945945945945945,919.0
105.3869177596282,117.54085434892798,5.811184714441282,28.0,17.54,1.2864864864864864,953.5
100.64841405276229,109.3323993211913,5.266663628283943,7.0,14.2,1.5416666666666667,925.0
100.64841405276229,109.3323993211913,5.266663628283943,28.0,21.65,1.5416666666666667,925.0
100.64841405276229,109.3323993211913,5.266663628283943,90.0,29.39,1.5416666666666667,925.0
110.491665633646,94.47746019838647,8.049186375894898,3.0,13.52,1.7239583333333333,852.0
93.55886626518111,94.47746019838647,6.6812890277667165,7.0,16.26,1.7239583333333333,901.5
93.55886626518111,94.47746019838647,6.6812890277667165,28.0,31.45,1.7239583333333333,901.5
93.55886626518111,94.47746019838647,6.6812890277667165,90.0,37.23,1.7239583333333333,901.5
81.50115441569272,94.23106849064317,5.695089914824109,7.0,18.13,1.8177083333333333,926.5
81.50115441569272,94.23106849064317,5.695089914824109,28.0,32.72,1.8177083333333333,926.5
81.50115441569272,94.23106849064317,5.695089914824109,90.0,39.49,1.8177083333333333,926.5
81.50115441569272,94.23106849064317,5.695089914824109,45.662135922330094,41.05,1.8177083333333333,926.5
81.50115441569272,94.23106849064317,5.695089914824109,45.662135922330094,42.13,1.8177083333333333,926.5
104.56987238655643,97.62240846815394,5.383398486632288,14.0,18.13,1.4876847290640394,895.5
104.56987238655643,97.62240846815394,5.383398486632288,45.662135922330094,26.74,1.4876847290640394,895.5
67.51090037944152,93.70496825042505,4.679946550059981,45.662135922330094,61.92,2.7777777777777777,869.0
74.642508654896,94.98273546649204,3.3194949597071854,90.0,47.22,2.5,869.0
74.642508654896,94.98273546649204,3.3194949597071854,45.662135922330094,51.04,2.5,869.0
74.642508654896,94.98273546649204,3.3194949597071854,45.662135922330094,55.16,2.5,869.0
63.23193541416879,95.48283569454668,6.697733643563197,3.0,41.64,3.121387283236994,869.0
103.87435265009537,115.89927448132164,5.882381085719352,7.0,13.71,1.3621621621621622,947.5
103.87435265009537,115.89927448132164,5.882381085719352,28.0,19.69,1.3621621621621622,947.5
95.48251439697691,105.53914654365269,6.428444265641055,28.0,31.65,1.8324324324324324,907.0
99.5757523110986,93.85945022014886,7.0933072579408645,3.0,19.11,2.046875,849.0
99.5757523110986,93.85945022014886,7.0933072579408645,28.0,39.58,2.046875,849.0
99.5757523110986,93.85945022014886,7.0933072579408645,90.0,48.79,2.046875,849.0
89.29124771768625,100.44419069682334,6.529673102656567,7.0,24.0,2.0648648648648646,893.0
89.29124771768625,100.44419069682334,6.529673102656567,28.0,37.42,2.0648648648648646,893.0
103.87435265009537,115.6285800373044,5.754560219837273,7.0,11.47,1.3548387096774193,947.5
103.87435265009537,115.89927448132164,5.882381085719352,28.0,19.69,1.3621621621621622,947.5
94.49838982370193,94.34476357991593,6.830111652065483,7.0,14.99,1.6145833333333333,910.0
94.49838982370193,94.34476357991593,6.830111652065483,28.0,27.92,1.6145833333333333,910.0
94.49838982370193,94.34476357991593,6.830111652065483,90.0,34.68,1.6145833333333333,910.0
94.49838982370193,94.34476357991593,6.830111652065483,45.662135922330094,37.33,1.6145833333333333,910.0
94.49838982370193,94.34476357991593,6.830111652065483,45.662135922330094,38.11,1.6145833333333333,910.0
67.51090037944152,93.70496825042505,4.679946550059981,3.0,33.8,2.7777777777777777,869.0
67.51090037944152,93.70496825042505,4.679946550059981,7.0,42.42,2.7777777777777777,869.0
67.51090037944152,93.70496825042505,4.679946550059981,14.0,48.4,2.7777777777777777,869.0
67.51090037944152,93.70496825042505,4.679946550059981,28.0,55.94,2.7777777777777777,869.0
67.51090037944152,93.70496825042505,4.679946550059981,90.0,58.78,2.7777777777777777,869.0
67.51090037944152,93.70496825042505,4.679946550059981,45.662135922330094,67.11,2.7777777777777777,869.0
103.22973316671653,96.73900525297526,5.346936139152227,14.0,20.77,1.5862068965517242,887.0
103.22973316671653,96.73900525297526,5.346936139152227,28.0,25.18,1.5862068965517242,887.0
103.22973316671653,96.73900525297526,5.346936139152227,45.662135922330094,29.59,1.5862068965517242,887.0
104.56987238655643,97.62240846815394,5.383398486632288,28.0,21.75,1.4876847290640394,895.5
87.49341827713528,98.63239458520673,6.599046356560635,28.0,39.09,2.145945945945946,887.0
84.94252395290556,84.53734885043195,6.989964626124944,3.0,24.39,2.5,828.5
34.867616260767704,63.88954682799226,13.345839324215952,7.0,50.51,3.5753424657534247,896.0
34.867616260767704,63.88954682799226,13.345839324215952,28.0,74.99,3.5753424657534247,896.0
